<?xml version="1.0" encoding="UTF-8"?>
<configuration scanPeriod="60 second" debug="false">

    <property name="log.max.history" value="60"/>

    <!-- ERROR级别日志 -->
    <!-- 滚动记录文件，先将日志记录到指定文件，当符合某个条件时，将日志记录到其他文件 RollingFileAppender -->
    <appender name="ERROR" class="ch.qos.logback.core.rolling.RollingFileAppender">
        <file>${user.dir}/logs/error.log</file>
        <append>true</append>
        <!-- 过滤器，只记录WARN级别的日志 -->
        <!-- 果日志级别等于配置级别，过滤器会根据onMath 和 onMismatch接收或拒绝日志。 -->
        <filter class="ch.qos.logback.classic.filter.LevelFilter">
            <!-- 设置过滤级别 -->
            <level>ERROR</level>
            <!-- 用于配置符合过滤条件的操作 -->
            <onMatch>ACCEPT</onMatch>
            <!-- 用于配置不符合过滤条件的操作 -->
            <onMismatch>DENY</onMismatch>
        </filter>
        <rollingPolicy class="ch.qos.logback.core.rolling.SizeAndTimeBasedRollingPolicy">
            <fileNamePattern>${user.dir}/logs/%d{yyyy-MM-dd}/error-log.%i.log.zip</fileNamePattern>
            <maxFileSize>50MB</maxFileSize>
            <totalSizeCap>80GB</totalSizeCap>
            <maxHistory>${log.max.history}</maxHistory>
        </rollingPolicy>
        <!-- 最常用的滚动策略，它根据时间来制定滚动策略.既负责滚动也负责出发滚动 -->
        <!--日志输出位置 可相对、和绝对路径 -->
        <!-- 可选节点，控制保留的归档文件的最大数量，超出数量就删除旧文件假设设置每个月滚动，且<maxHistory>是6， 则只保存最近6个月的文件，删除之前的旧文件。注意，删除旧文件是，那些为了归档而创建的目录也会被删除 -->
        <!-- 设置日志输出格式 -->
        <encoder>
            <pattern>%d{yyyy-MM-dd HH:mm:ss.SSS} - [%thread] - %-5level - %F:%L - %msg%n</pattern>
        </encoder>
    </appender>

    <!-- WARN级别日志 -->
    <appender name="WARN" class="ch.qos.logback.core.rolling.RollingFileAppender">
        <file>${user.dir}/logs/warn.log</file>
        <append>true</append>
        <filter class="ch.qos.logback.classic.filter.LevelFilter">
            <level>WARN</level>
            <onMatch>ACCEPT</onMatch>
            <onMismatch>DENY</onMismatch>
        </filter>
        <rollingPolicy class="ch.qos.logback.core.rolling.SizeAndTimeBasedRollingPolicy">
            <fileNamePattern>${user.dir}/logs/%d{yyyy-MM-dd}/warn-log.%i.log.zip</fileNamePattern>
            <maxFileSize>50MB</maxFileSize>
            <totalSizeCap>80GB</totalSizeCap>
            <maxHistory>${log.max.history}</maxHistory>
        </rollingPolicy>
        <encoder>
            <pattern>%d{yyyy-MM-dd HH:mm:ss.SSS} - [%thread] - %-5level - %F:%L - %msg%n</pattern>
        </encoder>
    </appender>


    <!-- DEBUG级别日志 appender -->
    <appender name="DEBUG" class="ch.qos.logback.core.rolling.RollingFileAppender">
        <file>${user.dir}/logs/debug.log</file>
        <append>true</append>
        <filter class="ch.qos.logback.classic.filter.LevelFilter">
            <level>DEBUG</level>
            <onMatch>ACCEPT</onMatch>
            <onMismatch>DENY</onMismatch>
        </filter>
        <rollingPolicy class="ch.qos.logback.core.rolling.SizeAndTimeBasedRollingPolicy">
            <fileNamePattern>${user.dir}/logs/%d{yyyy-MM-dd,aux}/debug/%d{HH}/debug-log.%i.zip</fileNamePattern>
            <maxFileSize>50MB</maxFileSize>
            <totalSizeCap>80GB</totalSizeCap>
            <maxHistory>${log.max.history}</maxHistory>
        </rollingPolicy>
        <encoder>
            <pattern>%d{yyyy-MM-dd HH:mm:ss.SSS} - [%thread] - %-5level - %F:%L - %msg%n</pattern>
        </encoder>
    </appender>


    <!-- TRACE级别日志 appender -->
    <appender name="TRACE" class="ch.qos.logback.core.rolling.RollingFileAppender">
        <file>${user.dir}/logs/trace.log</file>
        <append>true</append>
        <filter class="ch.qos.logback.classic.filter.LevelFilter">
            <level>TRACE</level>
            <onMatch>ACCEPT</onMatch>
            <onMismatch>DENY</onMismatch>
        </filter>
        <rollingPolicy class="ch.qos.logback.core.rolling.SizeAndTimeBasedRollingPolicy">
            <fileNamePattern>${user.dir}/logs/%d{yyyy-MM-dd}/trace-log.%i.log.zip</fileNamePattern>
            <maxFileSize>50MB</maxFileSize>
            <totalSizeCap>80GB</totalSizeCap>
            <maxHistory>${log.max.history}</maxHistory>
        </rollingPolicy>
        <encoder>
            <pattern>%d{yyyy-MM-dd HH:mm:ss.SSS} - [%thread] - %-5level - %F:%L - %msg%n</pattern>
        </encoder>
    </appender>


    <!-- INFO级别日志 appender -->
    <appender name="INFO" class="ch.qos.logback.core.rolling.RollingFileAppender">
        <file>${user.dir}/logs/info.log</file>
        <append>true</append>
        <filter class="ch.qos.logback.classic.filter.LevelFilter">
            <level>INFO</level>
            <onMatch>ACCEPT</onMatch>
            <onMismatch>DENY</onMismatch>
        </filter>
        <rollingPolicy class="ch.qos.logback.core.rolling.SizeAndTimeBasedRollingPolicy">
            <fileNamePattern>${user.dir}/logs/%d{yyyy-MM-dd}/info-log.%i.log.zip</fileNamePattern>
            <maxFileSize>50MB</maxFileSize>
            <totalSizeCap>80GB</totalSizeCap>
            <maxHistory>${log.max.history}</maxHistory>
        </rollingPolicy>
        <encoder>
            <pattern>%d{yyyy-MM-dd HH:mm:ss.SSS} - [%thread] - %-5level - %F:%L - %msg%n</pattern>
        </encoder>
    </appender>

    <!-- cansole log -->
    <appender name="BASE_APPENDER" class="ch.qos.logback.core.ConsoleAppender">
        <filter class="ch.qos.logback.classic.filter.ThresholdFilter">
            <level>INFO</level>
        </filter>
        <encoder>
            <pattern>%d{yyyy-MM-dd HH:mm:ss.SSS} - [%thread] - %highlight(%-5level) - %F:%L - %highlight(%msg%n)
            </pattern>
            <charset>UTF-8</charset>
        </encoder>
    </appender>


    <!--设置root的输出，只输出到控制台，不记录到日志,如正式环境的话则不输出到控制台-->
    <root>
        <level value="info"/>
        <appender-ref ref="BASE_APPENDER"/>
        <appender-ref ref="INFO"/>
        <appender-ref ref="DEBUG"/>
        <appender-ref ref="WARN"/>
        <appender-ref ref="TRACE"/>
        <appender-ref ref="ERROR"/>
    </root>



</configuration>

